Cliente,Fecha,Periodo,Cliente Informado,Grupo de Clientes,Nombre,Tipo,Nro,Dias,Total,Saldo,Deposito
HOOD,45505,45535,THE HOOD,JUAN TORRES,THE HOOD,Factura ,160811364,-111,81,81,BIMBO
HOOD,45505,45535,THE HOOD,JUAN TORRES,THE HOOD,Factura ,160825712,-111,80919,80919,BIMBO
HOOD,45506,45535,THE HOOD,JUAN TORRES,THE HOOD,Factura ,160811368,-110,97200,01,97200,01,BIMBO
HOOD,45507,45535,THE HOOD,JUAN TORRES,THE HOOD,Factura ,160811370,-109,63180,01,63180,01,BIMBO
HOOD,45509,45535,THE HOOD,JUAN TORRES,THE HOOD,Factura ,160811373,-107,64800,01,64800,01,BIMBO
HOOD,45510,45535,THE HOOD,JUAN TORRES,THE HOOD,Factura ,160813263,-106,64800,01,64800,01,BIMBO
HOOD,45511,45535,THE HOOD,JUAN TORRES,THE HOOD,Factura ,160813266,-105,32400,32400,BIMBO
HOOD,45512,45535,THE HOOD,JUAN TORRES,THE HOOD,Factura ,160813270,-104,48600,01,48600,01,BIMBO
HOOD,45513,45535,THE HOOD,JUAN TORRES,THE HOOD,Factura ,160813272,-103,95580,01,95580,01,BIMBO
HOOD,45517,45535,THE HOOD,JUAN TORRES,THE HOOD,Factura ,160815272,-99,89300,01,89300,01,BIMBO
HOOD,45519,45535,THE HOOD,JUAN TORRES,THE HOOD,Factura ,160815275,-97,26790,26790,BIMBO
HOOD,45520,45535,THE HOOD,JUAN TORRES,THE HOOD,Factura ,160815277,-96,105374,01,105374,01,BIMBO
HOOD,45521,45535,THE HOOD,JUAN TORRES,THE HOOD,Factura ,160815278,-95,35720,35720,BIMBO
HOOD,45523,45535,THE HOOD,JUAN TORRES,THE HOOD,Factura ,160815280,-93,71440,01,71440,01,BIMBO
HOOD,45524,45535,THE HOOD,JUAN TORRES,THE HOOD,Factura ,160816798,-92,70547,01,70547,01,BIMBO
HOOD,45526,45535,THE HOOD,JUAN TORRES,THE HOOD,Factura ,160816804,-90,53580,01,53580,01,BIMBO
HOOD,45527,45535,THE HOOD,JUAN TORRES,THE HOOD,Factura ,160816808,-89,106267,01,106267,01,BIMBO
HOOD,45528,45535,THE HOOD,JUAN TORRES,THE HOOD,Factura ,160816811,-88,52687,01,52687,01,BIMBO
HOOD,45530,45535,THE HOOD,JUAN TORRES,THE HOOD,Factura ,160816815,-86,35720,35720,BIMBO
HOOD,45531,45535,THE HOOD,JUAN TORRES,THE HOOD,Factura ,160816816,-85,53580,01,53580,01,BIMBO
HOOD,45533,45535,THE HOOD,JUAN TORRES,THE HOOD,Factura ,160818212,-83,107160,01,107160,01,BIMBO
HOOD,45534,45535,THE HOOD,JUAN TORRES,THE HOOD,Factura ,160818219,-82,89300,01,89300,01,BIMBO
HOOD,45535,45535,THE HOOD,JUAN TORRES,THE HOOD,Factura ,160818222,-81,51794,01,51794,01,BIMBO
HOOD,45538,45565,THE HOOD,JUAN TORRES,THE HOOD,Factura ,160819792,-78,60724,01,60724,01,BIMBO
HOOD,45539,45565,THE HOOD,JUAN TORRES,THE HOOD,Factura ,160819795,-77,80370,01,80370,01,BIMBO
HOOD,45540,45565,THE HOOD,JUAN TORRES,THE HOOD,Factura ,160819796,-76,51794,01,51794,01,BIMBO
HOOD,45541,45565,THE HOOD,JUAN TORRES,THE HOOD,Factura ,160819804,-75,79477,01,79477,01,BIMBO
HOOD,45542,45565,THE HOOD,JUAN TORRES,THE HOOD,Factura ,160819807,-74,53580,01,50008,01,BIMBO
HOOD,45545,45565,THE HOOD,JUAN TORRES,THE HOOD,Factura ,160821480,-71,107160,01,107160,01,BIMBO
HOOD,45546,45565,THE HOOD,JUAN TORRES,THE HOOD,Factura ,160821489,-70,53580,01,53580,01,BIMBO
HOOD,45548,45565,THE HOOD,JUAN TORRES,THE HOOD,Factura ,160821496,-68,107160,01,107160,01,BIMBO
HOOD,45549,45565,THE HOOD,JUAN TORRES,THE HOOD,Factura ,160821500,-67,35720,35720,BIMBO
HOOD,45551,45565,THE HOOD,JUAN TORRES,THE HOOD,Factura ,160821503,-65,62510,01,61617,01,BIMBO
HOOD,45552,45565,THE HOOD,JUAN TORRES,THE HOOD,Factura ,160823022,-64,62510,01,62510,01,BIMBO
HOOD,45553,45565,THE HOOD,JUAN TORRES,THE HOOD,Factura ,160823025,-63,62510,01,62510,01,BIMBO
HOOD,45554,45565,THE HOOD,JUAN TORRES,THE HOOD,Factura ,160823026,-62,26790,26790,BIMBO
HOOD,45555,45565,THE HOOD,JUAN TORRES,THE HOOD,Factura ,160823028,-61,106267,01,106267,01,BIMBO
HOOD,45556,45565,THE HOOD,JUAN TORRES,THE HOOD,Factura ,160823029,-60,93170,01,93170,01,BIMBO
HOOD,45561,45565,THE HOOD,JUAN TORRES,THE HOOD,Factura ,160824811,-55,98230,01,98230,01,BIMBO
HOOD,45562,45565,THE HOOD,JUAN TORRES,THE HOOD,Factura ,160824812,-54,78584,01,78584,01,BIMBO
HOOD,45563,45565,THE HOOD,JUAN TORRES,THE HOOD,Factura ,160824814,-53,26790,26790,BIMBO
HOOD,45565,45565,THE HOOD,JUAN TORRES,THE HOOD,Factura ,160824817,-51,53580,01,51794,01,BIMBO
HOOD,45566,45596,THE HOOD,JUAN TORRES,THE HOOD,Factura ,160826385,-50,80370,01,80370,01,BIMBO
HOOD,45567,45596,THE HOOD,JUAN TORRES,THE HOOD,Factura ,160826387,-49,80370,01,80370,01,BIMBO
HOOD,45569,45596,THE HOOD,JUAN TORRES,THE HOOD,Factura ,160826388,-47,105620,92,105620,92,BIMBO
HOOD,45570,45596,THE HOOD,JUAN TORRES,THE HOOD,Factura ,160826391,-46,44650,01,44650,01,BIMBO
HOOD,45572,45596,THE HOOD,JUAN TORRES,THE HOOD,Factura ,160826394,-44,26790,26790,BIMBO
HOOD,45575,45596,THE HOOD,JUAN TORRES,THE HOOD,Factura ,160806929,-41,61356,61356,BIMBO
HOOD,45577,45596,THE HOOD,JUAN TORRES,THE HOOD,Factura ,160806931,-39,608135,81,608135,81,BIMBO
HOOD,45577,45596,THE HOOD,JUAN TORRES,THE HOOD,Factura ,160806932,-39,35720,35720,BIMBO
HOOD,45579,45596,THE HOOD,JUAN TORRES,THE HOOD,Factura ,160810017,-37,11072,11072,BIMBO
HOOD,45580,45596,THE HOOD,JUAN TORRES,THE HOOD,Factura ,160829507,-36,71440,01,71440,01,BIMBO
HOOD,45581,45596,THE HOOD,JUAN TORRES,THE HOOD,Factura ,160829514,-35,80370,01,80370,01,BIMBO
HOOD,45582,45596,THE HOOD,JUAN TORRES,THE HOOD,Factura ,160806928,-34,62510,01,62510,01,BIMBO
HOOD,45583,45596,THE HOOD,JUAN TORRES,THE HOOD,Factura ,160806930,-33,44650,01,44650,01,BIMBO
HOOD,45587,45596,THE HOOD,JUAN TORRES,THE HOOD,Factura ,160831066,-29,62510,01,62510,01,BIMBO
HOOD,45589,45596,THE HOOD,JUAN TORRES,THE HOOD,Factura ,160831067,-27,44650,01,44650,01,BIMBO
HOOD,45590,45596,THE HOOD,JUAN TORRES,THE HOOD,Factura ,160831069,-26,26790,26790,BIMBO
HOOD,45591,45596,THE HOOD,JUAN TORRES,THE HOOD,Factura ,160831070,-25,60724,01,60724,01,BIMBO
HOOD,45593,45596,THE HOOD,JUAN TORRES,THE HOOD,Factura ,160831072,-23,62510,01,62510,01,BIMBO
HOOD,45594,45596,THE HOOD,JUAN TORRES,THE HOOD,Factura ,160832709,-22,61617,01,61617,01,BIMBO
HOOD,45597,45626,THE HOOD,JUAN TORRES,THE HOOD,Factura ,160832714,-19,116090,02,116090,02,BIMBO
HOOD,45598,45626,THE HOOD,JUAN TORRES,THE HOOD,Factura ,160832735,-18,88407,01,88407,01,BIMBO
HOOD,45601,45626,THE HOOD,JUAN TORRES,THE HOOD,Factura ,160832756,-15,44650,01,44650,01,BIMBO
HOOD,45603,45626,THE HOOD,JUAN TORRES,THE HOOD,Factura ,160834412,-13,71440,01,71440,01,BIMBO
HOOD,45604,45626,THE HOOD,JUAN TORRES,THE HOOD,Factura ,160834414,-12,89300,01,89300,01,BIMBO
HOOD,45607,45626,THE HOOD,JUAN TORRES,THE HOOD,Factura ,160834419,-9,44650,01,44650,01,BIMBO
HOOD,45610,45626,THE HOOD,JUAN TORRES,THE HOOD,Factura ,160835942,-6,53580,01,53580,01,BIMBO
HOOD,45611,45626,THE HOOD,JUAN TORRES,THE HOOD,Factura ,160835943,-5,107160,01,107160,01,BIMBO
EZEIZADEPO,45603,45626,2006 S.A - EZEIZA DEPOSITO,AEROPUERTO,2006 S.A - Ezeiza Deposito,Factura ,160833177,-13,3433298,3433298,CENTRAL
EZEIZADEPO,45610,45626,2006 S.A - EZEIZA DEPOSITO,AEROPUERTO,2006 S.A - Ezeiza Deposito,Factura ,160835037,-6,4029434,4029434,CENTRAL
AERODEPO,45600,45626,ARRIBOS S.A - AEROPARQUE DEPOSITO,AEROPUERTO,ARRIBOS S.A - Aeroparque Deposito,Factura ,160832285,-16,2097658,2097658,CENTRAL
AERODEPO,45602,45626,ARRIBOS S.A - AEROPARQUE DEPOSITO,AEROPUERTO,ARRIBOS S.A - Aeroparque Deposito,Factura ,160832930,-14,2308630,2308630,CENTRAL
AERODEPO,45604,45626,ARRIBOS S.A - AEROPARQUE DEPOSITO,AEROPUERTO,ARRIBOS S.A - Aeroparque Deposito,Factura ,160833574,-12,2442766,2442766,CENTRAL
AERODEPO,45607,45626,ARRIBOS S.A - AEROPARQUE DEPOSITO,AEROPUERTO,ARRIBOS S.A - Aeroparque Deposito,Factura ,160834205,-9,2119024,2118471,5,CENTRAL
AERODEPO,45612,45626,ARRIBOS S.A - AEROPARQUE DEPOSITO,AEROPUERTO,ARRIBOS S.A - Aeroparque Deposito,Factura ,160835517,-4,2354812,2354812,CENTRAL
MANUEL,45612,45626,MANUEL DISTR,DISTRIBUIDORA,MANUEL DISTR,,Factura ,160835521,-4,17419501,764,218232,772,CENTRAL
SANTIAGOD,45610,45626,SANTIAGO DISTR,,DISTRIBUIDORA,SANTIAGO DISTR,,Factura ,160834971,-6,9898800,624,4137660,624,CENTRAL
SANTIAGOD,45612,45626,SANTIAGO DISTR,,DISTRIBUIDORA,SANTIAGO DISTR,,Factura ,160835512,-4,5761140,4872,5761140,4872,CENTRAL
CLAUDIO,45601,45626,DEPOSITO CLAUDIO DULCEMANIA,EVENTUAL,DEPOSITO CLAUDIO DULCEMANIA,Factura ,160832456,-15,8907240,8907240,CENTRAL
CLAUDIO,45602,45626,DEPOSITO CLAUDIO DULCEMANIA,EVENTUAL,DEPOSITO CLAUDIO DULCEMANIA,Factura ,160832787,-14,4116631,68,4116631,68,CENTRAL
HOOD,45505,45535,THE HOOD,JUAN TORRES,THE HOOD,Factura ,160811378,-111,1487413,17,1487413,17,CENTRAL
HOOD,45506,45535,THE HOOD,JUAN TORRES,THE HOOD,Factura ,160811386,-110,292923,22,292923,22,CENTRAL
HOOD,45507,45535,THE HOOD,JUAN TORRES,THE HOOD,Factura ,160811390,-109,972625,98,972625,98,CENTRAL
HOOD,45510,45535,THE HOOD,JUAN TORRES,THE HOOD,Factura ,160813275,-106,1446901,88,1446901,88,CENTRAL
HOOD,45511,45535,THE HOOD,JUAN TORRES,THE HOOD,Factura ,160813277,-105,31228,94,31228,94,CENTRAL
HOOD,45513,45535,THE HOOD,JUAN TORRES,THE HOOD,Factura ,160813278,-103,448947,46,448947,46,CENTRAL
HOOD,45514,45535,THE HOOD,JUAN TORRES,THE HOOD,Factura ,160813279,-102,801085,46,801085,46,CENTRAL
HOOD,45519,45535,THE HOOD,JUAN TORRES,THE HOOD,Factura ,160815281,-97,897376,4,897376,4,CENTRAL
HOOD,45520,45535,THE HOOD,JUAN TORRES,THE HOOD,Factura ,160815284,-96,1008599,33,1008599,33,CENTRAL
HOOD,45520,45535,THE HOOD,JUAN TORRES,THE HOOD,Factura ,160815285,-96,23800,23800,CENTRAL
HOOD,45520,45535,THE HOOD,JUAN TORRES,THE HOOD,Factura ,160815288,-96,16443,16443,CENTRAL
HOOD,45521,45535,THE HOOD,JUAN TORRES,THE HOOD,Factura ,160815299,-95,366012,82,366012,82,CENTRAL
HOOD,45524,45535,THE HOOD,JUAN TORRES,THE HOOD,Factura ,160816821,-92,508408,27,508408,27,CENTRAL
HOOD,45527,45535,THE HOOD,JUAN TORRES,THE HOOD,Factura ,160816824,-89,372437,85,372437,85,CENTRAL
HOOD,45528,45535,THE HOOD,JUAN TORRES,THE HOOD,Factura ,160816826,-88,549189,2,549189,2,CENTRAL
HOOD,45530,45535,THE HOOD,JUAN TORRES,THE HOOD,Factura ,160816831,-86,554964,23,554964,23,CENTRAL
HOOD,45531,45535,THE HOOD,JUAN TORRES,THE HOOD,Factura ,160816835,-85,12900,12900,CENTRAL
HOOD,45534,45535,THE HOOD,JUAN TORRES,THE HOOD,Factura ,160818228,-82,1344374,67,1344374,67,CENTRAL
HOOD,45537,45565,THE HOOD,JUAN TORRES,THE HOOD,Factura ,160818229,-79,888701,14,888701,14,CENTRAL
HOOD,45538,45565,THE HOOD,JUAN TORRES,THE HOOD,Factura ,160819813,-78,20240,20240,CENTRAL
HOOD,45540,45565,THE HOOD,JUAN TORRES,THE HOOD,Factura ,160819815,-76,401091,42,401091,42,CENTRAL
HOOD,45541,45565,THE HOOD,JUAN TORRES,THE HOOD,Factura ,160819816,-75,1103532,18,1103532,18,CENTRAL
HOOD,45542,45565,THE HOOD,JUAN TORRES,THE HOOD,Factura ,160819819,-74,675894,45,675894,45,CENTRAL
HOOD,45544,45565,THE HOOD,JUAN TORRES,THE HOOD,Factura ,160819827,-72,1068780,81,1068780,81,CENTRAL
HOOD,45546,45565,THE HOOD,JUAN TORRES,THE HOOD,Factura ,160821512,-70,126403,2,126403,2,CENTRAL
HOOD,45549,45565,THE HOOD,JUAN TORRES,THE HOOD,Factura ,160821518,-67,1365899,68,1365899,68,CENTRAL
HOOD,45549,45565,THE HOOD,JUAN TORRES,THE HOOD,Factura ,160821523,-67,5203,65,5203,65,CENTRAL
HOOD,45549,45565,THE HOOD,JUAN TORRES,THE HOOD,Factura ,160821527,-67,5391,94,5391,94,CENTRAL
HOOD,45549,45565,THE HOOD,JUAN TORRES,THE HOOD,Factura ,160821531,-67,683041,46,683041,46,CENTRAL
HOOD,45551,45565,THE HOOD,JUAN TORRES,THE HOOD,Factura ,160821537,-65,456936,33,456936,33,CENTRAL
HOOD,45554,45565,THE HOOD,JUAN TORRES,THE HOOD,Factura ,160823032,-62,1208362,36,1208362,36,CENTRAL
HOOD,45555,45565,THE HOOD,JUAN TORRES,THE HOOD,Factura ,160823035,-61,579651,2,579651,2,CENTRAL
HOOD,45555,45565,THE HOOD,JUAN TORRES,THE HOOD,Factura ,160823052,-61,11000,11000,CENTRAL
HOOD,45556,45565,THE HOOD,JUAN TORRES,THE HOOD,Factura ,160823059,-60,645866,1,645866,1,CENTRAL
HOOD,45559,45565,THE HOOD,JUAN TORRES,THE HOOD,Factura ,160824832,-57,729081,96,729081,96,CENTRAL
HOOD,45559,45565,THE HOOD,JUAN TORRES,THE HOOD,Factura ,160824835,-57,90626,02,90626,02,CENTRAL
HOOD,45562,45565,THE HOOD,JUAN TORRES,THE HOOD,Factura ,160824839,-54,1455203,32,1455203,32,CENTRAL
HOOD,45565,45565,THE HOOD,JUAN TORRES,THE HOOD,Factura ,160824842,-51,506420,22,506420,22,CENTRAL
HOOD,45567,45596,THE HOOD,JUAN TORRES,THE HOOD,Factura ,160826395,-49,1002400,02,1002400,02,CENTRAL
HOOD,45569,45596,THE HOOD,JUAN TORRES,THE HOOD,Factura ,160826398,-47,1132098,64,1132098,64,CENTRAL
HOOD,45570,45596,THE HOOD,JUAN TORRES,THE HOOD,Factura ,160826400,-46,693211,17,693211,17,CENTRAL
HOOD,45572,45596,THE HOOD,JUAN TORRES,THE HOOD,Factura ,160826401,-44,529292,75,529292,75,CENTRAL
HOOD,45574,45596,THE HOOD,JUAN TORRES,THE HOOD,Factura ,160806927,-42,753656,62,753656,62,CENTRAL
HOOD,45574,45596,THE HOOD,JUAN TORRES,THE HOOD,Factura ,160806944,-42,69654,01,69654,01,CENTRAL
HOOD,45575,45596,THE HOOD,JUAN TORRES,THE HOOD,Factura ,160806943,-41,53580,01,53580,01,CENTRAL
HOOD,45576,45596,THE HOOD,JUAN TORRES,THE HOOD,Factura ,160806941,-40,1191524,24,1191524,24,CENTRAL
HOOD,45576,45596,THE HOOD,JUAN TORRES,THE HOOD,Factura ,160806945,-40,116090,02,116090,02,CENTRAL
HOOD,45579,45596,THE HOOD,JUAN TORRES,THE HOOD,Factura ,160806940,-37,56376,56376,CENTRAL
HOOD,45580,45596,THE HOOD,JUAN TORRES,THE HOOD,Factura ,160806939,-36,395401,75,395401,75,CENTRAL
HOOD,45583,45596,THE HOOD,JUAN TORRES,THE HOOD,Factura ,160829583,-33,1678490,25,1678490,25,CENTRAL
HOOD,45584,45596,THE HOOD,JUAN TORRES,THE HOOD,Factura ,160829584,-32,681871,53,681871,53,CENTRAL
HOOD,45586,45596,THE HOOD,JUAN TORRES,THE HOOD,Factura ,160806938,-30,71440,01,71440,01,CENTRAL
HOOD,45586,45596,THE HOOD,JUAN TORRES,THE HOOD,Factura ,160829586,-30,47981,8,47981,8,CENTRAL
HOOD,45586,45596,THE HOOD,JUAN TORRES,THE HOOD,Factura ,160829590,-30,344107,01,344107,01,CENTRAL
HOOD,45590,45596,THE HOOD,JUAN TORRES,THE HOOD,Factura ,160831075,-26,1487679,68,1487679,68,CENTRAL
HOOD,45591,45596,THE HOOD,JUAN TORRES,THE HOOD,Factura ,160831079,-25,751066,14,751066,14,CENTRAL
HOOD,45594,45596,THE HOOD,JUAN TORRES,THE HOOD,Factura ,160832757,-22,958840,54,958840,54,CENTRAL
HOOD,45597,45626,THE HOOD,JUAN TORRES,THE HOOD,Factura ,160832766,-19,939608,16,939608,16,CENTRAL
HOOD,45597,45626,THE HOOD,JUAN TORRES,THE HOOD,Factura ,160832770,-19,2075,26,2075,26,CENTRAL
HOOD,45598,45626,THE HOOD,JUAN TORRES,THE HOOD,Factura ,160832773,-18,1121103,99,1121103,99,CENTRAL
HOOD,45601,45626,THE HOOD,JUAN TORRES,THE HOOD,Factura ,160832777,-15,11888,1,11888,1,CENTRAL
HOOD,45602,45626,THE HOOD,JUAN TORRES,THE HOOD,Factura ,160834421,-14,1511792,04,1511792,04,CENTRAL
HOOD,45604,45626,THE HOOD,JUAN TORRES,THE HOOD,Factura ,160834426,-12,1396383,05,1396383,05,CENTRAL
HOOD,45605,45626,THE HOOD,JUAN TORRES,THE HOOD,Factura ,160834429,-11,703659,19,703659,19,CENTRAL
HOOD,45607,45626,THE HOOD,JUAN TORRES,THE HOOD,Factura ,160834432,-9,351310,25,351310,25,CENTRAL
HOOD,45611,45626,THE HOOD,JUAN TORRES,THE HOOD,Factura ,160835948,-5,1285838,87,1285838,87,CENTRAL
HOOD,45612,45626,THE HOOD,JUAN TORRES,THE HOOD,Factura ,160835949,-4,1377913,75,1377913,75,CENTRAL
AB09,45600,45626,ALMA FABRIC PUERTO MADERO,NG,ALMA FABRIC PUERTO MADERO,Factura ,160832288,-16,108460,75,108460,75,CENTRAL
AB09,45603,45626,ALMA FABRIC PUERTO MADERO,NG,ALMA FABRIC PUERTO MADERO,Factura ,160833214,-13,29595,5,29595,5,CENTRAL
AB09,45607,45626,ALMA FABRIC PUERTO MADERO,NG,ALMA FABRIC PUERTO MADERO,Factura ,160833963,-9,364248,1,364248,1,CENTRAL
AB09,45607,45626,ALMA FABRIC PUERTO MADERO,NG,ALMA FABRIC PUERTO MADERO,Factura ,160834098,-9,117761,67,117761,67,CENTRAL
AB09,45610,45626,ALMA FABRIC PUERTO MADERO,NG,ALMA FABRIC PUERTO MADERO,Factura ,160835053,-6,294045,03,294045,03,CENTRAL
TLLA,45579,45596,CAFE TALLARICA,NG,CAFÉ TALLARICA,Factura ,160827474,-37,242323,488,238211,208,CENTRAL
TLLA,45586,45596,CAFE TALLARICA,NG,CAFÉ TALLARICA,Factura ,160829270,-30,234170,928,232228,1095,CENTRAL
TLLA,45593,45596,CAFE TALLARICA,NG,CAFÉ TALLARICA,Factura ,160830830,-23,173315,23,166815,23,CENTRAL
TLLA,45596,45596,CAFE TALLARICA,NG,CAFÉ TALLARICA,Factura ,160831781,-20,3271,86,3271,86,CENTRAL
TLLA,45597,45626,CAFE TALLARICA,NG,CAFÉ TALLARICA,Factura ,160832068,-19,32718,6,32718,6,CENTRAL
TLLA,45600,45626,CAFE TALLARICA,NG,CAFÉ TALLARICA,Factura ,160832294,-16,118300,22,118300,22,CENTRAL
TLLA,45603,45626,CAFE TALLARICA,NG,CAFÉ TALLARICA,Factura ,160833278,-13,146107,29,146107,29,CENTRAL
TLLA,45607,45626,CAFE TALLARICA,NG,CAFÉ TALLARICA,Factura ,160834093,-9,182044,55,182044,55,CENTRAL
TLLA,45610,45626,CAFE TALLARICA,NG,CAFÉ TALLARICA,Factura ,160835024,-6,57172,56,57172,56,CENTRAL
CCHINA01,45593,45596,COCHINCHINA BAR ARMENIA,NG,COCHINCHINA BAR ARMENIA,Factura ,160830800,-23,103774,06,99072,66,CENTRAL
CCHINA01,45603,45626,COCHINCHINA BAR ARMENIA,NG,COCHINCHINA BAR ARMENIA,Factura ,160833210,-13,121948,68,112092,58,CENTRAL
CCHINA01,45607,45626,COCHINCHINA BAR ARMENIA,NG,COCHINCHINA BAR ARMENIA,Factura ,160833957,-9,138530,44,138530,44,CENTRAL
CCHINA01,45607,45626,COCHINCHINA BAR ARMENIA,NG,COCHINCHINA BAR ARMENIA,Factura ,160834096,-9,137886,97,137886,97,CENTRAL
CCHINA01,45610,45626,COCHINCHINA BAR ARMENIA,NG,COCHINCHINA BAR ARMENIA,Factura ,160834999,-6,190610,28,190610,28,CENTRAL
CCHINA01,45610,45626,COCHINCHINA BAR ARMENIA,NG,COCHINCHINA BAR ARMENIA,Factura ,160835103,-6,157015,56,157015,56,CENTRAL
COSTA,45600,45626,COSTA,NG,COSTA,Factura ,160832304,-16,125405,16,125405,16,CENTRAL
COSTA,45600,45626,COSTA,NG,COSTA,Factura ,160832317,-16,50559,85,50559,85,CENTRAL
COSTA,45607,45626,COSTA,NG,COSTA,Factura ,160834029,-9,295477,84,295477,84,CENTRAL
CRUZA,45605,45626,CRUZA NG,NG,CRUZA NG,Factura ,160833807,-11,531986,88,531986,88,CENTRAL
CRUZA,45610,45626,CRUZA NG,NG,CRUZA NG,Factura ,160835111,-6,78320,78320,CENTRAL
CRUZA,45611,45626,CRUZA NG,NG,CRUZA NG,Factura ,160835506,-5,174868,174868,CENTRAL
CRUZA,45612,45626,CRUZA NG,NG,CRUZA NG,Factura ,160835520,-4,1006560,1006560,CENTRAL
HINFANTA,45600,45626,HELADERIA INFANTA,NG,HELADERIA INFANTA,Factura ,160832281,-16,6014,16,6014,16,CENTRAL
HINFANTA,45607,45626,HELADERIA INFANTA,NG,HELADERIA INFANTA,Factura ,160834000,-9,55094,43,55094,43,CENTRAL
KONA,45607,45626,KONA,NG,KONA,Factura ,160834071,-9,118583,12,118583,12,CENTRAL
LBR01,45609,45626,La Cafeteria,NG,Cafeteria New,Factura ,160834796,-7,28000,28000,CENTRAL
LLCH,45574,45596,LA LECHERIA,NG,LA LECHERIA,Factura ,160826831,-42,7401,9,7401,9,CENTRAL
LLCH,45593,45596,LA LECHERIA,NG,LA LECHERIA,Factura ,160830879,-23,264069,47,264069,47,CENTRAL
LLCH,45609,45626,LA LECHERIA,NG,LA LECHERIA,Factura ,160834794,-7,101191,02,101191,02,CENTRAL
LAKY,45602,45626,LAKY,NG,LAKY,Factura ,160832853,-14,94379,63,94379,63,CENTRAL
LAKY,45602,45626,LAKY,NG,LAKY,Factura ,160832993,-14,234000,234000,CENTRAL
LAKY,45609,45626,LAKY,NG,LAKY,Factura ,160834791,-7,120474,81,120474,81,CENTRAL
LAKY,45609,45626,LAKY,NG,LAKY,Factura ,160834816,-7,235523,34,235523,34,CENTRAL
LAMALA,45603,45626,LOCAL LA MALA,NG,LOCAL LA MALA,Factura ,160833354,-13,142124,142124,CENTRAL
LAMALA,45610,45626,LOCAL LA MALA,NG,LOCAL LA MALA,Factura ,160835109,-6,122600,122600,CENTRAL
MADRE,45602,45626,MADRE,NG,MADRE,Factura ,160832880,-14,33392,292,33392,292,CENTRAL
MADRE,45609,45626,MADRE,NG,MADRE,Factura ,160834793,-7,65464,99,65464,99,CENTRAL
NARDA04,45600,45626,NARDA SUCRE,NG,NARDA SUCRE,Factura ,160832295,-16,170822,64,164322,64,CENTRAL
NARDA04,45603,45626,NARDA SUCRE,NG,NARDA SUCRE,Factura ,160833239,-13,126838,18,126838,18,CENTRAL
NARDA04,45607,45626,NARDA SUCRE,NG,NARDA SUCRE,Factura ,160833995,-9,204913,43,204913,43,CENTRAL
NARDA04,45610,45626,NARDA SUCRE,NG,NARDA SUCRE,Factura ,160835055,-6,205104,9,205104,9,CENTRAL
NOMADE,45607,45626,NOMADE,NG,NOMADE,Factura ,160833959,-9,247900,58,247900,58,CENTRAL
NOMADE,45607,45626,NOMADE,NG,NOMADE,Factura ,160834041,-9,117761,67,117761,67,CENTRAL
NOMADE,45609,45626,NOMADE,NG,NOMADE,Factura ,160834799,-7,55000,55000,CENTRAL
NUBE,45602,45626,Nube Cafe,NG,Nube Cafe,Factura ,160832812,-14,100609,94,100609,94,CENTRAL
NUBE,45609,45626,Nube Cafe,NG,Nube Cafe,Factura ,160834778,-7,161293,04,161293,04,CENTRAL
PARAGUAY,45601,45626,OFICINA PARAGUAY,NG,OFICINA PARAGUAY,Factura ,160832425,-15,219495,41,219495,41,CENTRAL
PARAGUAY,45608,45626,OFICINA PARAGUAY,NG,OFICINA PARAGUAY,Factura ,160834534,-8,261037,68,261037,68,CENTRAL
PARAGUAY,45608,45626,OFICINA PARAGUAY,NG,OFICINA PARAGUAY,Factura ,160834537,-8,231165,24,231165,24,CENTRAL
PARAGUAY,45608,45626,OFICINA PARAGUAY,NG,OFICINA PARAGUAY,Factura ,160834541,-8,16164,72,16164,72,CENTRAL
PEKEPIKI,45602,45626,PEKE PIKI,NG,Peke piki Cumpleaños,Factura ,160832829,-14,84890,4,84890,4,CENTRAL
PEKEPIKI,45609,45626,PEKE PIKI,NG,Peke piki Cumpleaños,Factura ,160834782,-7,2871,2871,CENTRAL
POLISNG,45611,45626,POLICIA ATENCIONES NG,NG,POLICIA ATENCIONES NG,Factura ,160835348,-5,63215,5,63215,5,CENTRAL
POLISNG,45611,45626,POLICIA ATENCIONES NG,NG,POLICIA ATENCIONES NG,Factura ,160835404,-5,90833,76,90833,76,CENTRAL
NMDE02,45607,45626,POLO HOUSE,NG,POLO HOUSE,Factura ,160833956,-9,104911,74,93260,5,CENTRAL
NMDE02,45609,45626,POLO HOUSE,NG,POLO HOUSE,Factura ,160834781,-7,11651,24,11651,24,CENTRAL
RIBSINFANTA,45603,45626,RIBS INFANTA,NG,RIBS INFANTA,Factura ,160833273,-13,137637,5,137637,5,CENTRAL
RIBSINFANTA,45603,45626,RIBS INFANTA,NG,RIBS INFANTA,Factura ,160833303,-13,39000,39000,CENTRAL
RIBSINFANTA,45607,45626,RIBS INFANTA,NG,RIBS INFANTA,Factura ,160833986,-9,185368,45,185368,45,CENTRAL
RIBSINFANTA,45607,45626,RIBS INFANTA,NG,RIBS INFANTA,Factura ,160834032,-9,39253,89,39253,89,CENTRAL
RIBSINFANTA,45610,45626,RIBS INFANTA,NG,RIBS INFANTA,Factura ,160835034,-6,251959,78,251959,78,CENTRAL
AB15,45575,45596,TOSTADO CAFE CLUB,NG,TOSTADO CAFE CLUB,Factura ,160827037,-41,228066,4,228066,4,CENTRAL
AB15,45610,45626,TOSTADO CAFE CLUB,NG,TOSTADO CAFE CLUB,Factura ,160835074,-6,604095,8,604095,8,CENTRAL
WILLIAMS06,45600,45626,WILLIAMS BELGRANO,NG,WILLIAMS BELGRANO,Factura ,160832296,-16,127218,66,127218,66,CENTRAL
WILLIAMS06,45603,45626,WILLIAMS BELGRANO,NG,WILLIAMS BELGRANO,Factura ,160833268,-13,220202,196,220202,196,CENTRAL
WILLIAMS06,45603,45626,WILLIAMS BELGRANO,NG,WILLIAMS BELGRANO,Factura ,160833326,-13,39000,39000,CENTRAL
WILLIAMS06,45607,45626,WILLIAMS BELGRANO,NG,WILLIAMS BELGRANO,Factura ,160833984,-9,193175,22,193175,22,CENTRAL
WILLIAMS06,45607,45626,WILLIAMS BELGRANO,NG,WILLIAMS BELGRANO,Factura ,160834039,-9,39253,89,39253,89,CENTRAL
WILLIAMS06,45610,45626,WILLIAMS BELGRANO,NG,WILLIAMS BELGRANO,Factura ,160835022,-6,94323,41,94323,41,CENTRAL
WILLIAMS06,45611,45626,WILLIAMS BELGRANO,NG,WILLIAMS BELGRANO,Factura ,160835505,-5,27698,56,27698,56,CENTRAL
WILLIAMS02,45603,45626,WILLIAMSBURGER INFANTA,NG,WILLIAMSBURGER INFANTA,Factura ,160833277,-13,282818,51,282818,51,CENTRAL
WILLIAMS02,45603,45626,WILLIAMSBURGER INFANTA,NG,WILLIAMSBURGER INFANTA,Factura ,160833304,-13,39000,39000,CENTRAL
WILLIAMS02,45607,45626,WILLIAMSBURGER INFANTA,NG,WILLIAMSBURGER INFANTA,Factura ,160834115,-9,382492,065,382492,065,CENTRAL
WILLIAMS02,45610,45626,WILLIAMSBURGER INFANTA,NG,WILLIAMSBURGER INFANTA,Factura ,160835104,-6,78507,78,78507,78,CENTRAL
WILLIAMS02,45610,45626,WILLIAMSBURGER INFANTA,NG,WILLIAMSBURGER INFANTA,Factura ,160835115,-6,543338,68,543338,68,CENTRAL
WILLIAMS02,45610,45626,WILLIAMSBURGER INFANTA,NG,WILLIAMSBURGER INFANTA,Factura ,160835184,-6,6745,44,6745,44,CENTRAL
CATEP,45603,45626,CATERING POLO,NG - POLO,CATERING POLO,Factura ,160833361,-13,27935,38,27935,38,CENTRAL
CATEP,45609,45626,CATERING POLO,NG - POLO,CATERING POLO,Factura ,160834771,-7,152212,91,152212,91,CENTRAL
CATEP,45609,45626,CATERING POLO,NG - POLO,CATERING POLO,Factura ,160834775,-7,117295,576,117295,576,CENTRAL
DINNER,45590,45596,DINNER,NG - POLO,JOHNNIE,Factura ,160830354,-26,86709,4,86709,4,CENTRAL
DINNER,45609,45626,DINNER,NG - POLO,JOHNNIE,Factura ,160834779,-7,72562,94,72562,94,CENTRAL
WBOCHA,45602,45626,MATCH,NG - POLO,MATCH,Factura ,160832854,-14,268179,48,268179,48,CENTRAL
WBOCHA,45609,45626,MATCH,NG - POLO,MATCH,Factura ,160834789,-7,161437,73,161437,73,CENTRAL
WBOCHA,45609,45626,MATCH,NG - POLO,MATCH,Factura ,160834797,-7,78507,78,78507,78,CENTRAL
WBOCHA,45610,45626,MATCH,NG - POLO,MATCH,Factura ,160835026,-6,459904,459904,CENTRAL
NARDAHSBC,45596,45596,NARDA HSBC,NG - POLO,NARDA HSBC,Factura ,160831750,-20,7176,51,7176,51,CENTRAL
NARDAHSBC,45607,45626,NARDA HSBC,NG - POLO,NARDA HSBC,Factura ,160833974,-9,211366,015,211366,015,CENTRAL
NARDAHSBC,45609,45626,NARDA HSBC,NG - POLO,NARDA HSBC,Factura ,160834780,-7,153053,186,153053,186,CENTRAL
PBOCHA,45609,45626,PASEO BOCHA POLO,NG - POLO,PASEO BOCHA POLO,Factura ,160834784,-7,745670,98,745670,98,CENTRAL
PEP,45600,45626,Planta de elaboracion Polo,NG - POLO,Planta de elaboracion Polo,Factura ,160832284,-16,38476,39,38476,39,CENTRAL
PEP,45603,45626,Planta de elaboracion Polo,NG - POLO,Planta de elaboracion Polo,Factura ,160833327,-13,14094,48,14094,48,CENTRAL
PEP,45607,45626,Planta de elaboracion Polo,NG - POLO,Planta de elaboracion Polo,Factura ,160833982,-9,48801,056,48801,056,CENTRAL
RIBSPOLO,45609,45626,RIBS POLO,NG - POLO,RIBS POLO,Factura ,160834783,-7,113597,94,113597,94,CENTRAL
RIBSPOLO,45609,45626,RIBS POLO,NG - POLO,RIBS POLO,Factura ,160834814,-7,117761,67,117761,67,CENTRAL
TLLA02,45609,45626,TALLARICA POLO,NG - POLO,TALLARICA POLO,Factura ,160834786,-7,112572,54,112572,54,CENTRAL
TBR01,45605,45626,TODO BRASAS,NG - POLO,PALERMO POLO GRILL,Factura ,160833809,-11,420321,76,420321,76,CENTRAL
TBR01,45607,45626,TODO BRASAS,NG - POLO,PALERMO POLO GRILL,Factura ,160834191,-9,566051,26,566051,26,CENTRAL
TBR01,45609,45626,TODO BRASAS,NG - POLO,PALERMO POLO GRILL,Factura ,160834785,-7,550585,81,306105,79,CENTRAL
VOLT01,45602,45626,VOLTA BAJO TRIBUNA 1,NG - POLO,Volta Bajo Tribuna 1,Factura ,160832813,-14,44118,91,44118,91,CENTRAL
VOLT01,45609,45626,VOLTA BAJO TRIBUNA 1,NG - POLO,Volta Bajo Tribuna 1,Factura ,160834792,-7,25500,52,25500,52,CENTRAL
MALBA,45555,45565,MALBA,PRIVADO,MALBA,Factura ,160822274,-61,375389,54,9153,11,CENTRAL
MALBA,45596,45596,MALBA,PRIVADO,MALBA,Factura ,160831599,-20,587775,6,587775,6,CENTRAL
TBR01,45600,45626,TODO BRASAS,NG - POLO,PALERMO POLO GRILL,Factura ,160832282,-16,403065,42,403065,42,CENTRALPAN
TBR01,45609,45626,TODO BRASAS,NG - POLO,PALERMO POLO GRILL,Factura ,160834854,-7,49332,78,49332,78,CENTRALPAN
TLLA,45600,45626,CAFE TALLARICA,NG,CAFÉ TALLARICA,Factura ,160832322,-16,139200,13920,DEPONG
CRUZA,45605,45626,CRUZA NG,NG,CRUZA NG,Factura ,160833808,-11,220268,52,22026,852,DEPONG
LAKY,45604,45626,LAKY,NG,LAKY,Factura ,160833656,-12,10648,13,1064,813,DEPONG
WILLIAMS06,45603,45626,WILLIAMS BELGRANO,NG,WILLIAMS BELGRANO,Factura ,160833218,-13,49500,4950,DEPONG
WILLIAMS02,45603,45626,WILLIAMSBURGER INFANTA,NG,WILLIAMSBURGER INFANTA,Factura ,160833281,-13,99000,9900,DEPONG
DINNER,45596,45596,DINNER,NG - POLO,JOHNNIE,Factura ,160831947,-20,7503934,7,7503934,7,DEPONG
DINNER,45602,45626,DINNER,NG - POLO,JOHNNIE,Factura ,160832818,-14,2786162,52,278616,252,DEPONG
DINNER,45609,45626,DINNER,NG - POLO,JOHNNIE,Factura ,160834776,-7,985913,88,98591,388,DEPONG
WBOCHA,45575,45596,MATCH,NG - POLO,MATCH,Factura ,160827033,-41,121550,12155,DEPONG
WBOCHA,45609,45626,MATCH,NG - POLO,MATCH,Factura ,160834790,-7,32340,3234,DEPONG
TBR01,45589,45596,TODO BRASAS,NG - POLO,PALERMO POLO GRILL,Factura ,160830233,-27,23924,88,2392,488,DEPONG
TBR01,45593,45596,TODO BRASAS,NG - POLO,PALERMO POLO GRILL,Factura ,160831055,-23,4346961,22,4346961,22,DEPONG
TBR01,45594,45596,TODO BRASAS,NG - POLO,PALERMO POLO GRILL,Factura ,160831177,-22,841374,96,841374,96,DEPONG
TBR01,45600,45626,TODO BRASAS,NG - POLO,PALERMO POLO GRILL,Factura ,160832299,-16,1589671,38,158967,138,DEPONG
TBR01,45604,45626,TODO BRASAS,NG - POLO,PALERMO POLO GRILL,Factura ,160833662,-12,290865,42,29086,542,DEPONG
TBR01,45607,45626,TODO BRASAS,NG - POLO,PALERMO POLO GRILL,Factura ,160833950,-9,2281689,228168,9,DEPONG
HOOD,45608,45626,THE HOOD,JUAN TORRES,THE HOOD,Factura ,160835938,-8,89300,01,89300,01,HOOD
HOOD,45609,45626,THE HOOD,JUAN TORRES,THE HOOD,Factura ,160835946,-7,168537,6,168537,6,HOOD
VIP02,45597,45626,2006 S.A - EZEIZA,AEROPUERTO,2006 S.A - Ezeiza,Factura ,160831833,-19,739380,28,739380,28,SGOGO
VIP02,45598,45626,2006 S.A - EZEIZA,AEROPUERTO,2006 S.A - Ezeiza,Factura ,160832006,-18,2768085,4796,2768085,4796,SGOGO
VIP02,45600,45626,2006 S.A - EZEIZA,AEROPUERTO,2006 S.A - Ezeiza,Factura ,160831989,-16,1515806,66,1515806,66,SGOGO
VIP02,45601,45626,2006 S.A - EZEIZA,AEROPUERTO,2006 S.A - Ezeiza,Factura ,160832263,-15,2896294,9113,2896294,9113,SGOGO
VIP02,45603,45626,2006 S.A - EZEIZA,AEROPUERTO,2006 S.A - Ezeiza,Factura ,160832817,-13,2409801,671,2409801,671,SGOGO
VIP02,45605,45626,2006 S.A - EZEIZA,AEROPUERTO,2006 S.A - Ezeiza,Factura ,160833539,-11,3234350,67,3234350,67,SGOGO
VIP02,45606,45626,2006 S.A - EZEIZA,AEROPUERTO,2006 S.A - Ezeiza,Factura ,160833801,-10,1721633,74,1721633,74,SGOGO
VIP02,45608,45626,2006 S.A - EZEIZA,AEROPUERTO,2006 S.A - Ezeiza,Factura ,160833946,-8,2852191,79,2852191,79,SGOGO
VIP02,45610,45626,2006 S.A - EZEIZA,AEROPUERTO,2006 S.A - Ezeiza,Factura ,160834645,-6,2363609,31,2363609,31,SGOGO
VIP02,45612,45626,2006 S.A - EZEIZA,AEROPUERTO,2006 S.A - Ezeiza,Factura ,160835333,-4,2784989,45,2784989,45,SGOGO
NARDA06,45598,45626,2006 S.A - NARDA DE VIAJE,AEROPUERTO,2006 S.A - Narda de Viaje,Factura ,160832012,-18,94880,94880,SGOGO
NARDA06,45598,45626,2006 S.A - NARDA DE VIAJE,AEROPUERTO,2006 S.A - Narda de Viaje,Factura ,160832013,-18,87018,87018,SGOGO
NARDA06,45604,45626,2006 S.A - NARDA DE VIAJE,AEROPUERTO,2006 S.A - Narda de Viaje,Factura ,160833240,-12,124129,124129,SGOGO
NARDA06,45608,45626,2006 S.A - NARDA DE VIAJE,AEROPUERTO,2006 S.A - Narda de Viaje,Factura ,160833948,-8,233109,233109,SGOGO
SALA01,45597,45626,2006 S.A - SALA CÓNDOR,AEROPUERTO,2006 S.A - Sala Cóndor,Factura ,160831600,-19,386110,38,386110,38,SGOGO
SALA01,45598,45626,2006 S.A - SALA CÓNDOR,AEROPUERTO,2006 S.A - Sala Cóndor,Factura ,160832008,-18,528787,16,528787,16,SGOGO
SALA01,45598,45626,2006 S.A - SALA CÓNDOR,AEROPUERTO,2006 S.A - Sala Cóndor,Factura ,160832010,-18,21455,25,21455,25,SGOGO
SALA01,45598,45626,2006 S.A - SALA CÓNDOR,AEROPUERTO,2006 S.A - Sala Cóndor,Factura ,160832231,-18,313746,215,313746,215,SGOGO
SALA01,45599,45626,2006 S.A - SALA CÓNDOR,AEROPUERTO,2006 S.A - Sala Cóndor,Factura ,160832227,-17,435467,03,435467,03,SGOGO
SALA01,45600,45626,2006 S.A - SALA CÓNDOR,AEROPUERTO,2006 S.A - Sala Cóndor,Factura ,160832236,-16,519072,54,519072,54,SGOGO
SALA01,45601,45626,2006 S.A - SALA CÓNDOR,AEROPUERTO,2006 S.A - Sala Cóndor,Factura ,160832237,-15,392247,65,392247,65,SGOGO
SALA01,45602,45626,2006 S.A - SALA CÓNDOR,AEROPUERTO,2006 S.A - Sala Cóndor,Factura ,160832352,-14,489104,1,489104,1,SGOGO
SALA01,45603,45626,2006 S.A - SALA CÓNDOR,AEROPUERTO,2006 S.A - Sala Cóndor,Factura ,160832676,-13,496802,61,496802,61,SGOGO
SALA01,45603,45626,2006 S.A - SALA CÓNDOR,AEROPUERTO,2006 S.A - Sala Cóndor,Factura ,160833296,-13,376937,3772,376937,3772,SGOGO
SALA01,45604,45626,2006 S.A - SALA CÓNDOR,AEROPUERTO,2006 S.A - Sala Cóndor,Factura ,160833169,-12,490422,32,479640,41,SGOGO
SALA01,45605,45626,2006 S.A - SALA CÓNDOR,AEROPUERTO,2006 S.A - Sala Cóndor,Factura ,160833520,-11,394607,8,394607,8,SGOGO
SALA01,45605,45626,2006 S.A - SALA CÓNDOR,AEROPUERTO,2006 S.A - Sala Cóndor,Factura ,160833623,-11,371810,298,371810,298,SGOGO
SALA01,45606,45626,2006 S.A - SALA CÓNDOR,AEROPUERTO,2006 S.A - Sala Cóndor,Factura ,160833800,-10,486810,02,486810,02,SGOGO
SALA01,45607,45626,2006 S.A - SALA CÓNDOR,AEROPUERTO,2006 S.A - Sala Cóndor,Factura ,160833812,-9,565200,79,565200,79,SGOGO
SALA01,45608,45626,2006 S.A - SALA CÓNDOR,AEROPUERTO,2006 S.A - Sala Cóndor,Factura ,160833885,-8,434449,15,434449,15,SGOGO
SALA01,45609,45626,2006 S.A - SALA CÓNDOR,AEROPUERTO,2006 S.A - Sala Cóndor,Factura ,160834397,-7,458148,1,458148,1,SGOGO
SALA01,45609,45626,2006 S.A - SALA CÓNDOR,AEROPUERTO,2006 S.A - Sala Cóndor,Factura ,160834526,-7,329281,056,329281,056,SGOGO
SALA01,45610,45626,2006 S.A - SALA CÓNDOR,AEROPUERTO,2006 S.A - Sala Cóndor,Factura ,160834598,-6,579463,7,579463,7,SGOGO
SALA01,45611,45626,2006 S.A - SALA CÓNDOR,AEROPUERTO,2006 S.A - Sala Cóndor,Factura ,160834933,-5,553204,41,553204,41,SGOGO
SALA01,45612,45626,2006 S.A - SALA CÓNDOR,AEROPUERTO,2006 S.A - Sala Cóndor,Factura ,160835263,-4,526016,94,526016,94,SGOGO
SALA01,45612,45626,2006 S.A - SALA CÓNDOR,AEROPUERTO,2006 S.A - Sala Cóndor,Factura ,160835353,-4,414734,682,414734,682,SGOGO
VIP01,45598,45626,ARRIBOS S.A - AEROPARQUE,AEROPUERTO,ARRIBOS S.A - Aeroparque,Factura ,160831978,-18,310462,94,310462,94,SGOGO
VIP01,45600,45626,ARRIBOS S.A - AEROPARQUE,AEROPUERTO,ARRIBOS S.A - Aeroparque,Factura ,160831982,-16,422965,0588,422965,0588,SGOGO
VIP01,45601,45626,ARRIBOS S.A - AEROPARQUE,AEROPUERTO,ARRIBOS S.A - Aeroparque,Factura ,160832254,-15,609038,53,609038,53,SGOGO
VIP01,45603,45626,ARRIBOS S.A - AEROPARQUE,AEROPUERTO,ARRIBOS S.A - Aeroparque,Factura ,160832785,-13,627047,58,627047,58,SGOGO
VIP01,45605,45626,ARRIBOS S.A - AEROPARQUE,AEROPUERTO,ARRIBOS S.A - Aeroparque,Factura ,160833526,-11,459949,9,459949,9,SGOGO
VIP01,45607,45626,ARRIBOS S.A - AEROPARQUE,AEROPUERTO,ARRIBOS S.A - Aeroparque,Factura ,160833799,-9,379531,89,379531,89,SGOGO
VIP01,45608,45626,ARRIBOS S.A - AEROPARQUE,AEROPUERTO,ARRIBOS S.A - Aeroparque,Factura ,160833898,-8,253647,94,253647,94,SGOGO
VIP01,45610,45626,ARRIBOS S.A - AEROPARQUE,AEROPUERTO,ARRIBOS S.A - Aeroparque,Factura ,160834615,-6,653671,903,653671,903,SGOGO
VIP01,45612,45626,ARRIBOS S.A - AEROPARQUE,AEROPUERTO,ARRIBOS S.A - Aeroparque,Factura ,160835321,-4,481964,31,481964,31,SGOGO
VIP04,45598,45626,ARRIBOS S.A - AMAE,AEROPUERTO,ARRIBOS S.A - AMAE,Factura ,160831981,-18,1316335,48,1316335,48,SGOGO
VIP04,45600,45626,ARRIBOS S.A - AMAE,AEROPUERTO,ARRIBOS S.A - AMAE,Factura ,160831979,-16,1011995,04,1011995,04,SGOGO
VIP04,45601,45626,ARRIBOS S.A - AMAE,AEROPUERTO,ARRIBOS S.A - AMAE,Factura ,160832257,-15,1441801,93,1441801,93,SGOGO
VIP04,45603,45626,ARRIBOS S.A - AMAE,AEROPUERTO,ARRIBOS S.A - AMAE,Factura ,160832791,-13,1542243,62,1542243,62,SGOGO
VIP04,45605,45626,ARRIBOS S.A - AMAE,AEROPUERTO,ARRIBOS S.A - AMAE,Factura ,160833532,-11,1841200,53,1841200,53,SGOGO
VIP04,45607,45626,ARRIBOS S.A - AMAE,AEROPUERTO,ARRIBOS S.A - AMAE,Factura ,160833798,-9,1207520,25,1207520,25,SGOGO
VIP04,45608,45626,ARRIBOS S.A - AMAE,AEROPUERTO,ARRIBOS S.A - AMAE,Factura ,160833905,-8,1131686,8,1131686,8,SGOGO
VIP04,45610,45626,ARRIBOS S.A - AMAE,AEROPUERTO,ARRIBOS S.A - AMAE,Factura ,160834621,-6,1728518,19,1728518,19,SGOGO
VIP04,45612,45626,ARRIBOS S.A - AMAE,AEROPUERTO,ARRIBOS S.A - AMAE,Factura ,160835327,-4,1807971,48,1807971,48,SGOGO
VIP03,45598,45626,ARRIBOS S.A - PRE-EMBARQUE AMAE,AEROPUERTO,ARRIBOS S.A - Pre-Embarque AMAE,Factura ,160832002,-18,1538332,64,1538332,64,SGOGO
VIP03,45600,45626,ARRIBOS S.A - PRE-EMBARQUE AMAE,AEROPUERTO,ARRIBOS S.A - Pre-Embarque AMAE,Factura ,160832005,-16,1410171,59,1410171,59,SGOGO
VIP03,45601,45626,ARRIBOS S.A - PRE-EMBARQUE AMAE,AEROPUERTO,ARRIBOS S.A - Pre-Embarque AMAE,Factura ,160832261,-15,2493492,12,2493492,12,SGOGO
VIP03,45603,45626,ARRIBOS S.A - PRE-EMBARQUE AMAE,AEROPUERTO,ARRIBOS S.A - Pre-Embarque AMAE,Factura ,160832810,-13,2349021,06,2349021,06,SGOGO
VIP03,45605,45626,ARRIBOS S.A - PRE-EMBARQUE AMAE,AEROPUERTO,ARRIBOS S.A - Pre-Embarque AMAE,Factura ,160833536,-11,2287458,07,2287458,07,SGOGO
VIP03,45607,45626,ARRIBOS S.A - PRE-EMBARQUE AMAE,AEROPUERTO,ARRIBOS S.A - Pre-Embarque AMAE,Factura ,160833797,-9,1482779,98,1482779,98,SGOGO
VIP03,45608,45626,ARRIBOS S.A - PRE-EMBARQUE AMAE,AEROPUERTO,ARRIBOS S.A - Pre-Embarque AMAE,Factura ,160833928,-8,2346574,79,2346574,79,SGOGO
VIP03,45610,45626,ARRIBOS S.A - PRE-EMBARQUE AMAE,AEROPUERTO,ARRIBOS S.A - Pre-Embarque AMAE,Factura ,160834633,-6,2442541,36,2442541,36,SGOGO
VIP03,45612,45626,ARRIBOS S.A - PRE-EMBARQUE AMAE,AEROPUERTO,ARRIBOS S.A - Pre-Embarque AMAE,Factura ,160835330,-4,2283007,44,2283007,44,SGOGO
HOOD,45517,45535,THE HOOD,JUAN TORRES,THE HOOD,Factura ,160815300,-99,17443,17443,SGOGO
HOOD,45521,45535,THE HOOD,JUAN TORRES,THE HOOD,Factura ,160815301,-95,17443,17443,SGOGO
HOOD,45523,45535,THE HOOD,JUAN TORRES,THE HOOD,Factura ,160815303,-93,17443,17443,SGOGO
HOOD,45537,45565,THE HOOD,JUAN TORRES,THE HOOD,Factura ,160818230,-79,12816,12816,SGOGO
HOOD,45540,45565,THE HOOD,JUAN TORRES,THE HOOD,Factura ,160819832,-76,12816,12816,SGOGO
HOOD,45547,45565,THE HOOD,JUAN TORRES,THE HOOD,Factura ,160821543,-69,12906,12906,SGOGO
HOOD,45558,45565,THE HOOD,JUAN TORRES,THE HOOD,Factura ,160823060,-58,11595,11595,SGOGO
HOOD,45569,45596,THE HOOD,JUAN TORRES,THE HOOD,Factura ,160826402,-47,11595,11595,SGOGO
HOOD,45572,45596,THE HOOD,JUAN TORRES,THE HOOD,Factura ,160826403,-44,11072,11072,SGOGO
HOOD,45593,45596,THE HOOD,JUAN TORRES,THE HOOD,Factura ,160831083,-23,5266,5266,SGOGO
HOOD,45600,45626,THE HOOD,JUAN TORRES,THE HOOD,Factura ,160832781,-16,4934,4934,SGOGO
HOOD,45607,45626,THE HOOD,JUAN TORRES,THE HOOD,Factura ,160834435,-9,4934,4934,SGOGO
CRUZA,45602,45626,CRUZA NG,NG,CRUZA NG,Factura ,160832924,-14,53226,53226,SGOGO
CRUZA,45611,45626,CRUZA NG,NG,CRUZA NG,Factura ,160835350,-5,435620,435620,SGOGO
CRUZA,45611,45626,CRUZA NG,NG,CRUZA NG,Factura ,160835351,-5,852420,852420,SGOGO
MADRE,45608,45626,MADRE,NG,MADRE,Factura ,160834396,-8,456000,456000,SGOGO
MADRE,45608,45626,MADRE,NG,MADRE,Factura ,160834453,-8,114000,114000,SGOGO
NOMADE,45607,45626,NOMADE,NG,NOMADE,Factura ,160834187,-9,31536,31536,SGOGO
NOMADE,45608,45626,NOMADE,NG,NOMADE,Factura ,160834394,-8,240216,240216,SGOGO
PARAGUAY,45601,45626,OFICINA PARAGUAY,NG,OFICINA PARAGUAY,Factura ,160832589,-15,292500,292500,SGOGO
PARAGUAY,45608,45626,OFICINA PARAGUAY,NG,OFICINA PARAGUAY,Factura ,160834409,-8,322500,322500,SGOGO
PARAGUAY,45608,45626,OFICINA PARAGUAY,NG,OFICINA PARAGUAY,Factura ,160834574,-8,3020,3020,SGOGO
PEKEPIKI,45601,45626,PEKE PIKI,NG,Peke piki Cumpleaños,Factura ,160832379,-15,78351,78351,SGOGO
PEKEPIKI,45609,45626,PEKE PIKI,NG,Peke piki Cumpleaños,Factura ,160834688,-7,72990,72990,SGOGO
CATEP,45601,45626,CATERING POLO,NG - POLO,CATERING POLO,Factura ,160832397,-15,383700,383700,SGOGO
CATEP,45608,45626,CATERING POLO,NG - POLO,CATERING POLO,Factura ,160834499,-8,178154,178154,SGOGO
NARDAHSBC,45603,45626,NARDA HSBC,NG - POLO,NARDA HSBC,Factura ,160833338,-13,104776,104776,SGOGO
NARDAHSBC,45607,45626,NARDA HSBC,NG - POLO,NARDA HSBC,Factura ,160834179,-9,65214,65214,SGOGO
NARDAHSBC,45608,45626,NARDA HSBC,NG - POLO,NARDA HSBC,Factura ,160834502,-8,261274,261274,SGOGO
NARDAHSBC,45608,45626,NARDA HSBC,NG - POLO,NARDA HSBC,Factura ,160834553,-8,2310031,2310031,SGOGO
PBOCHA,45608,45626,PASEO BOCHA POLO,NG - POLO,PASEO BOCHA POLO,Factura ,160834548,-8,1853100,1853100,SGOGO
PBOCHA,45608,45626,PASEO BOCHA POLO,NG - POLO,PASEO BOCHA POLO,Factura ,160834565,-8,358500,358500,SGOGO
TBR01,45603,45626,TODO BRASAS,NG - POLO,PALERMO POLO GRILL,Factura ,160833195,-13,16272,16272,SGOGO
TBR01,45608,45626,TODO BRASAS,NG - POLO,PALERMO POLO GRILL,Factura ,160834434,-8,16272,16272,SGOGO
HOOD,45506,45535,THE HOOD,JUAN TORRES,THE HOOD,Factura ,160811421,-110,49890,49890,SGOPAN
HOOD,45509,45535,THE HOOD,JUAN TORRES,THE HOOD,Factura ,160811423,-107,93456,93456,SGOPAN
HOOD,45510,45535,THE HOOD,JUAN TORRES,THE HOOD,Factura ,160813280,-106,14880,14880,SGOPAN
HOOD,45512,45535,THE HOOD,JUAN TORRES,THE HOOD,Factura ,160813281,-104,76581,76581,SGOPAN
HOOD,45517,45535,THE HOOD,JUAN TORRES,THE HOOD,Factura ,160815305,-99,21120,21120,SGOPAN
HOOD,45519,45535,THE HOOD,JUAN TORRES,THE HOOD,Factura ,160815307,-97,110237,110237,SGOPAN
HOOD,45528,45535,THE HOOD,JUAN TORRES,THE HOOD,Factura ,160816837,-88,44460,44460,SGOPAN
HOOD,45533,45535,THE HOOD,JUAN TORRES,THE HOOD,Factura ,160818232,-83,16800,16800,SGOPAN
HOOD,45537,45565,THE HOOD,JUAN TORRES,THE HOOD,Factura ,160818233,-79,90090,90090,SGOPAN
HOOD,45540,45565,THE HOOD,JUAN TORRES,THE HOOD,Factura ,160819834,-76,66115,66115,SGOPAN
HOOD,45542,45565,THE HOOD,JUAN TORRES,THE HOOD,Factura ,160819838,-74,71010,71010,SGOPAN
HOOD,45547,45565,THE HOOD,JUAN TORRES,THE HOOD,Factura ,160821546,-69,85540,85540,SGOPAN
HOOD,45552,45565,THE HOOD,JUAN TORRES,THE HOOD,Factura ,160823062,-64,81490,81490,SGOPAN
HOOD,45554,45565,THE HOOD,JUAN TORRES,THE HOOD,Factura ,160823065,-62,50596,50596,SGOPAN
HOOD,45558,45565,THE HOOD,JUAN TORRES,THE HOOD,Factura ,160823069,-58,72260,72260,SGOPAN
HOOD,45566,45596,THE HOOD,JUAN TORRES,THE HOOD,Factura ,160826404,-50,93170,93170,SGOPAN
HOOD,45568,45596,THE HOOD,JUAN TORRES,THE HOOD,Factura ,160826406,-48,56080,56080,SGOPAN
HOOD,45572,45596,THE HOOD,JUAN TORRES,THE HOOD,Factura ,160826408,-44,54726,54726,SGOPAN
HOOD,45582,45596,THE HOOD,JUAN TORRES,THE HOOD,Factura ,160829596,-34,67344,67344,SGOPAN
HOOD,45584,45596,THE HOOD,JUAN TORRES,THE HOOD,Factura ,160829599,-32,52620,52620,SGOPAN
HOOD,45587,45596,THE HOOD,JUAN TORRES,THE HOOD,Factura ,160831084,-29,91076,91076,SGOPAN
HOOD,45590,45596,THE HOOD,JUAN TORRES,THE HOOD,Factura ,160831087,-26,55152,55152,SGOPAN
HOOD,45593,45596,THE HOOD,JUAN TORRES,THE HOOD,Factura ,160831088,-23,45204,45204,SGOPAN
HOOD,45596,45596,THE HOOD,JUAN TORRES,THE HOOD,Factura ,160832784,-20,60744,60744,SGOPAN
HOOD,45597,45626,THE HOOD,JUAN TORRES,THE HOOD,Factura ,160832806,-19,64788,64788,SGOPAN
HOOD,45600,45626,THE HOOD,JUAN TORRES,THE HOOD,Factura ,160832811,-16,69561,69561,SGOPAN
HOOD,45603,45626,THE HOOD,JUAN TORRES,THE HOOD,Factura ,160834440,-13,97746,97746,SGOPAN
HOOD,45604,45626,THE HOOD,JUAN TORRES,THE HOOD,Factura ,160834444,-12,93780,93780,SGOPAN
HOOD,45607,45626,THE HOOD,JUAN TORRES,THE HOOD,Factura ,160834447,-9,91254,91254,SGOPAN
HOOD,45610,45626,THE HOOD,JUAN TORRES,THE HOOD,Factura ,160835952,-6,68484,68484,SGOPAN
CRUZA,45612,45626,CRUZA NG,NG,CRUZA NG,Factura ,160835515,-4,79600,79600,SGOPAN
CRUZA02,45601,45626,CRUZA RECOLETA,NG,CRUZA RECOLETA,Factura ,160832522,-15,18990,18990,SGOPAN
CRUZA02,45602,45626,CRUZA RECOLETA,NG,CRUZA RECOLETA,Factura ,160832922,-14,48100,48100,SGOPAN
CRUZA02,45608,45626,CRUZA RECOLETA,NG,CRUZA RECOLETA,Factura ,160834545,-8,18045,18045,SGOPAN
HINFANTA,45608,45626,HELADERIA INFANTA,NG,HELADERIA INFANTA,Factura ,160834393,-8,3636,3636,SGOPAN
LLCH,45594,45596,LA LECHERIA,NG,LA LECHERIA,Factura ,160831078,-22,41400,41400,SGOPAN
LLCH,45611,45626,LA LECHERIA,NG,LA LECHERIA,Factura ,160835465,-5,30160,30160,SGOPAN
LAKY,45601,45626,LAKY,NG,LAKY,Factura ,160832372,-15,107700,107700,SGOPAN
LAKY,45608,45626,LAKY,NG,LAKY,Factura ,160834437,-8,102000,102000,SGOPAN
LAMALA,45601,45626,LOCAL LA MALA,NG,LOCAL LA MALA,Factura ,160832524,-15,120615,120615,SGOPAN
LAMALA,45608,45626,LOCAL LA MALA,NG,LOCAL LA MALA,Factura ,160834546,-8,94065,94065,SGOPAN
NOMADE,45608,45626,NOMADE,NG,NOMADE,Factura ,160834395,-8,12930,12930,SGOPAN
NUBE,45601,45626,Nube Cafe,NG,Nube Cafe,Factura ,160832373,-15,7360,7360,SGOPAN
NUBE,45608,45626,Nube Cafe,NG,Nube Cafe,Factura ,160834495,-8,3140,3140,SGOPAN
PARAGUAY,45602,45626,OFICINA PARAGUAY,NG,OFICINA PARAGUAY,Factura ,160832951,-14,52920,52920,SGOPAN
PARAGUAY,45609,45626,OFICINA PARAGUAY,NG,OFICINA PARAGUAY,Factura ,160834713,-7,51072,51072,SGOPAN
PEKEPIKI,45601,45626,PEKE PIKI,NG,Peke piki Cumpleaños,Factura ,160832375,-15,7512,7512,SGOPAN
PEKEPIKI,45609,45626,PEKE PIKI,NG,Peke piki Cumpleaños,Factura ,160834689,-7,7272,7272,SGOPAN
SALGUERO,45601,45626,SALGUERO,NG,SALGUERO,Factura ,160832370,-15,7818,7818,SGOPAN
WILLIAMS06,45602,45626,WILLIAMS BELGRANO,NG,WILLIAMS BELGRANO,Factura ,160832921,-14,134319,134319,SGOPAN
WILLIAMS06,45605,45626,WILLIAMS BELGRANO,NG,WILLIAMS BELGRANO,Factura ,160833803,-11,95670,95670,SGOPAN
WILLIAMS06,45609,45626,WILLIAMS BELGRANO,NG,WILLIAMS BELGRANO,Factura ,160834685,-7,197262,197262,SGOPAN
WILLIAMS06,45612,45626,WILLIAMS BELGRANO,NG,WILLIAMS BELGRANO,Factura ,160835513,-4,36461,36461,SGOPAN
WILLIAMS02,45602,45626,WILLIAMSBURGER INFANTA,NG,WILLIAMSBURGER INFANTA,Factura ,160832920,-14,299172,299172,SGOPAN
WILLIAMS02,45605,45626,WILLIAMSBURGER INFANTA,NG,WILLIAMSBURGER INFANTA,Factura ,160833804,-11,189264,189264,SGOPAN
WILLIAMS02,45608,45626,WILLIAMSBURGER INFANTA,NG,WILLIAMSBURGER INFANTA,Factura ,160834538,-8,61200,61200,SGOPAN
WILLIAMS02,45609,45626,WILLIAMSBURGER INFANTA,NG,WILLIAMSBURGER INFANTA,Factura ,160834711,-7,349503,349503,SGOPAN
WILLIAMS02,45612,45626,WILLIAMSBURGER INFANTA,NG,WILLIAMSBURGER INFANTA,Factura ,160835514,-4,173705,173705,SGOPAN
CATEP,45608,45626,CATERING POLO,NG - POLO,CATERING POLO,Factura ,160834493,-8,56000,56000,SGOPAN
DINNER,45608,45626,DINNER,NG - POLO,JOHNNIE,Factura ,160834500,-8,19600,19600,SGOPAN
WBOCHA,45601,45626,MATCH,NG - POLO,MATCH,Factura ,160832371,-15,398520,398520,SGOPAN
WBOCHA,45608,45626,MATCH,NG - POLO,MATCH,Factura ,160834552,-8,139800,139800,SGOPAN
NARDAHSBC,45601,45626,NARDA HSBC,NG - POLO,NARDA HSBC,Factura ,160832383,-15,22110,22110,SGOPAN
NARDAHSBC,45603,45626,NARDA HSBC,NG - POLO,NARDA HSBC,Factura ,160833339,-13,29820,29820,SGOPAN
NARDAHSBC,45608,45626,NARDA HSBC,NG - POLO,NARDA HSBC,Factura ,160834554,-8,651660,651660,SGOPAN
PBOCHA,45608,45626,PASEO BOCHA POLO,NG - POLO,PASEO BOCHA POLO,Factura ,160834539,-8,36360,36360,SGOPAN
PBOCHA,45608,45626,PASEO BOCHA POLO,NG - POLO,PASEO BOCHA POLO,Factura ,160834547,-8,79600,79600,SGOPAN
TBR01,45608,45626,TODO BRASAS,NG - POLO,PALERMO POLO GRILL,Factura ,160834436,-8,46240,46240,SGOPAN

